Country Name,Country Code,Time,Time Code,GDP (constant 2015 US$) [NY.GDP.MKTP.KD],Imports of goods and services (constant 2015 US$) [NE.IMP.GNFS.KD],Exports of goods and services (constant 2015 US$) [NE.EXP.GNFS.KD],"Official exchange rate (LCU per US$, period average) [PA.NUS.FCRF]","Inflation, consumer prices (annual %) [FP.CPI.TOTL.ZG]"
India,IND,2000,YR2000,800534479623.61,105913882921.719,88420811379.0972,44.941605,4.0094359104519
India,IND,2001,YR2001,839151992864.812,109032250911.167,92231327924.0517,47.1864141666667,3.77929312235637
India,IND,2002,YR2002,871073127580.09,122112653115.604,111678306013.031,48.6103191666667,4.29715203929563
India,IND,2003,YR2003,939542798342.002,139066672460.134,122379566897.769,46.5832841666667,3.80585899528851
India,IND,2004,YR2004,1013982178697.24,169932846856.321,155637941982.064,45.3164666666666,3.76725173477515
India,IND,2005,YR2005,1094324353140.52,224769573103.739,196236214981.696,44.099975,4.24634362031922
India,IND,2006,YR2006,1182534912713.8,273105470111.906,236256246988.641,45.3070083333333,5.79652337561634
India,IND,2007,YR2007,1273126725479.64,300283799129.901,250116311971.268,41.3485333333333,6.37288135593231
India,IND,2008,YR2008,1312424303406.43,367693385509.887,287078838546.711,43.5051833333333,8.34926704907581
India,IND,2009,YR2009,1415605643155.69,360612286794.121,273200800550.47,48.4052666666666,10.8823529411764
India,IND,2010,YR2010,1535897931732.14,417631910192.1,326415222555.376,45.7258121212121,11.9893899204244
India,IND,2011,YR2011,1616399198833.92,502877815932.999,376986672438.066,46.6704666666667,8.91179336483371
India,IND,2012,YR2012,1704596203504.32,533160095341.456,402642458200.466,53.4372333333333,9.47899691419801
India,IND,2013,YR2013,1813453530766.63,489729935219.476,434017925782.976,58.5978454166667,10.0178784746102
India,IND,2014,YR2014,1947834564908.95,493996613075.926,441732988212.788,61.0295144607843,6.66565671867899
India,IND,2015,YR2015,2103588360044.94,465097595426.184,416787940847.812,64.1519444632786,4.90697344127256
India,IND,2016,YR2016,2277267041550.36,485477678606.438,437561725553.553,67.1953128073894,4.94821634062141
India,IND,2017,YR2017,2432016068497.75,570047809511.51,457535139608.144,65.1215686450659,3.32817337461298
India,IND,2018,YR2018,2588974770244.57,620341399086.419,512127641087.202,68.3894670935422,3.9388264669163
India,IND,2019,YR2019,2689205295885.31,615137005954.334,494792232272.935,70.4203405359551,3.72950573539129
India,IND,2020,YR2020,2533830417086.54,537490415296.85,460373305611.94,74.0995668836052,6.62343677628535
India,IND,2021,YR2021,2779348258938.77,656245818343.847,596640556148.747,73.9180128154351,5.13140747176369
India,IND,2022,YR2022,2973542414790.52,725740904230.25,676583074238.014,78.6044905829916,6.69903414079852
India,IND,2023,YR2023,3215973434046.11,805156997064.118,694378919296.507,82.5992764460784,5.64914318907925
India,IND,2024,YR2024,..,..,..,83.669281580941,4.95303550973656
,,,,,,,,
,,,,,,,,
,,,,,,,,
Data from database: World Development Indicators,,,,,,,,
Last Updated: 04/15/2025,,,,,,,,
Code,License Type,Indicator Name,Long definition,Source,Topic,Periodicity,Base Period,Aggregation method,Statistical concept and methodology,Development relevance,Limitations and exceptions,License URL
NY.GDP.MKTP.KD,CC BY-4.0,GDP (constant 2015 US$),"GDP at purchaser's prices is the sum of gross value added by all resident producers in the economy plus any product taxes and minus any subsidies not included in the value of the products. It is calculated without making deductions for depreciation of fabricated assets or for depletion and degradation of natural resources. Data are in constant 2015 prices, expressed in U.S. dollars. Dollar figures for GDP are converted from domestic currencies using 2015 official exchange rates. For a few countries where the official exchange rate does not reflect the rate effectively applied to actual foreign exchange transactions, an alternative conversion factor is used.","World Bank national accounts data, and OECD National Accounts data files.",Economic Policy & Debt: National accounts: US$ at constant 2015 prices: Aggregate indicators,Annual,2015,Gap-filled total,"Gross domestic product (GDP) represents the sum of value added by all its producers. Value added is the value of the gross output of producers less the value of intermediate goods and services consumed in production, before accounting for consumption of fixed capital in production. The United Nations System of National Accounts calls for value added to be valued at either basic prices (excluding net taxes on products) or producer prices (including net taxes on products paid by producers but excluding sales or value added taxes). Both valuations exclude transport charges that are invoiced separately by producers. Total GDP is measured at purchaser prices. Value added by industry is normally measured at basic prices. When value added is measured at producer prices.

Growth rates of GDP and its components are calculated using the least squares method and constant price data in the local currency. Constant price U.S. dollar series are used to calculate regional and income group growth rates. Local currency series are converted to constant U.S. dollars using an exchange rate in the common reference year.","An economy's growth is measured by the change in the volume of its output or in the real incomes of its residents. The 2008 United Nations System of National Accounts (2008 SNA) offers three plausible indicators for calculating growth: the volume of gross domestic product (GDP), real gross domestic income, and real gross national income. The volume of GDP is the sum of value added, measured at constant prices, by households, government, and industries operating in the economy. GDP accounts for all domestic production, regardless of whether the income accrues to domestic or foreign institutions.","Each industry's contribution to growth in the economy's output is measured by growth in the industry's value added. In principle, value added in constant prices can be estimated by measuring the quantity of goods and services produced in a period, valuing them at an agreed set of base year prices, and subtracting the cost of intermediate inputs, also in constant prices. This double-deflation method requires detailed information on the structure of prices of inputs and outputs.

In many industries, however, value added is extrapolated from the base year using single volume indexes of outputs or, less commonly, inputs. Particularly in the services industries, including most of government, value added in constant prices is often imputed from labor inputs, such as real wages or number of employees. In the absence of well defined measures of output, measuring the growth of services remains difficult.

Moreover, technical progress can lead to improvements in production processes and in the quality of goods and services that, if not properly accounted for, can distort measures of value added and thus of growth. When inputs are used to estimate output, as for nonmarket services, unmeasured technical progress leads to underestimates of the volume of output. Similarly, unmeasured improvements in quality lead to underestimates of the value of output and value added. The result can be underestimates of growth and productivity improvement and overestimates of inflation.

Informal economic activities pose a particular measurement problem, especially in developing countries, where much economic activity is unrecorded. A complete picture of the economy requires estimating household outputs produced for home use, sales in informal markets, barter exchanges, and illicit or deliberately unreported activities. The consistency and completeness of such estimates depend on the skill and methods of the compiling statisticians.

Rebasing of national accounts can alter the measured growth rate of an economy and lead to breaks in series that affect the consistency of data over time. When countries rebase their national accounts, they update the weights assigned to various components to better reflect current patterns of production or uses of output. The new base year should represent normal operation of the economy - it should be a year without major shocks or distortions. Some developing countries have not rebased their national accounts for many years. Using an old base year can be misleading because implicit price and volume weights become progressively less relevant and useful.

To obtain comparable series of constant price data for computing aggregates, the World Bank rescales GDP and value added by industrial origin to a common reference year. Because rescaling changes the implicit weights used in forming regional and income group aggregates, aggregate growth rates are not comparable with those from earlier editions with different base years. Rescaling may result in a discrepancy between the rescaled GDP and the sum of the rescaled components. To avoid distortions in the growth rates, the discrepancy is left unallocated. As a result, the weighted average of the growth rates of the components generally does not equal the GDP growth rate.",https://datacatalog.worldbank.org/public-licenses#cc-by
NE.IMP.GNFS.KD,CC BY-4.0,Imports of goods and services (constant 2015 US$),"Imports of goods and services represent the value of all goods and other market services received from the rest of the world. They include the value of merchandise, freight, insurance, transport, travel, royalties, license fees, and other services, such as communication, construction, financial, information, business, personal, and government services. They exclude compensation of employees and investment income (formerly called factor services) and transfer payments. Data are in constant 2015 prices, expressed in U.S. dollars.","World Bank national accounts data, and OECD National Accounts data files.",Economic Policy & Debt: National accounts: US$ at constant 2015 prices: Expenditure on GDP,Annual,2015,Gap-filled total,"Gross domestic product (GDP) from the expenditure side is made up of household final consumption expenditure, general government final consumption expenditure, gross capital formation (private and public investment in fixed assets, changes in inventories, and net acquisitions of valuables), and net exports (exports minus imports) of goods and services. Such expenditures are recorded in purchaser prices and include net taxes on products.","An economy's growth is measured by the change in the volume of its output or in the real incomes of its residents. The 2008 United Nations System of National Accounts (2008 SNA) offers three plausible indicators for calculating growth: the volume of gross domestic product (GDP), real gross domestic income, and real gross national income. The volume of GDP is the sum of value added, measured at constant prices, by households, government, and industries operating in the economy. GDP accounts for all domestic production, regardless of whether the income accrues to domestic or foreign institutions.","Because policymakers have tended to focus on fostering the growth of output, and because data on production are easier to collect than data on spending, many countries generate their primary estimate of GDP using the production approach. Moreover, many countries do not estimate all the components of national expenditures but instead derive some of the main aggregates indirectly using GDP (based on the production approach) as the control total.

Data on exports and imports are compiled from customs reports and balance of payments data. Although the data from the payments side provide reasonably reliable records of cross-border transactions, they may not adhere strictly to the appropriate definitions of valuation and timing used in the balance of payments or corresponds to the change-of ownership criterion. This issue has assumed greater significance with the increasing globalization of international business. Neither customs nor balance of payments data usually capture the illegal transactions that occur in many countries. Goods carried by travelers across borders in legal but unreported shuttle trade may further distort trade statistics.",https://datacatalog.worldbank.org/public-licenses#cc-by
NE.EXP.GNFS.KD,CC BY-4.0,Exports of goods and services (constant 2015 US$),"Exports of goods and services represent the value of all goods and other market services provided to the rest of the world. They include the value of merchandise, freight, insurance, transport, travel, royalties, license fees, and other services, such as communication, construction, financial, information, business, personal, and government services. They exclude compensation of employees and investment income (formerly called factor services) and transfer payments. Data are in constant 2015 prices, expressed in U.S. dollars.","World Bank national accounts data, and OECD National Accounts data files.",Economic Policy & Debt: National accounts: US$ at constant 2015 prices: Expenditure on GDP,Annual,2015,Gap-filled total,"Gross domestic product (GDP) from the expenditure side is made up of household final consumption expenditure, general government final consumption expenditure, gross capital formation (private and public investment in fixed assets, changes in inventories, and net acquisitions of valuables), and net exports (exports minus imports) of goods and services. Such expenditures are recorded in purchaser prices and include net taxes on products.","An economy's growth is measured by the change in the volume of its output or in the real incomes of its residents. The 2008 United Nations System of National Accounts (2008 SNA) offers three plausible indicators for calculating growth: the volume of gross domestic product (GDP), real gross domestic income, and real gross national income. The volume of GDP is the sum of value added, measured at constant prices, by households, government, and industries operating in the economy. GDP accounts for all domestic production, regardless of whether the income accrues to domestic or foreign institutions.","Because policymakers have tended to focus on fostering the growth of output, and because data on production are easier to collect than data on spending, many countries generate their primary estimate of GDP using the production approach. Moreover, many countries do not estimate all the components of national expenditures but instead derive some of the main aggregates indirectly using GDP (based on the production approach) as the control total.

Data on exports and imports are compiled from customs reports and balance of payments data. Although the data from the payments side provide reasonably reliable records of cross-border transactions, they may not adhere strictly to the appropriate definitions of valuation and timing used in the balance of payments or corresponds to the change-of ownership criterion. This issue has assumed greater significance with the increasing globalization of international business. Neither customs nor balance of payments data usually capture the illegal transactions that occur in many countries. Goods carried by travelers across borders in legal but unreported shuttle trade may further distort trade statistics.",https://datacatalog.worldbank.org/public-licenses#cc-by
PA.NUS.FCRF,CC BY-4.0,"Official exchange rate (LCU per US$, period average)",Official exchange rate refers to the exchange rate determined by national authorities or to the rate determined in the legally sanctioned exchange market. It is calculated as an annual average based on monthly averages (local currency units relative to the U.S. dollar).,"International Monetary Fund, International Financial Statistics.",Financial Sector: Exchange rates & prices,Annual,,,"The exchange rate is the price of one currency in terms of another. Official exchange rates and exchange rate arrangements are established by governments. Other exchange rates recognized by governments include market rates, which are determined largely by legal market forces, and for countries with multiple exchange arrangements, principal rates, secondary rates, and tertiary rates.","In a market-based economy, household, producer, and government choices about resource allocation are influenced by relative prices, including the real exchange rate, real wages, real interest rates, and other prices in the economy. Relative prices also largely reflect these agents' choices. Thus relative prices convey vital information about the interaction of economic agents in an economy and with the rest of the world.","Official or market exchange rates are often used to convert economic statistics in local currencies to a common currency in order to make comparisons across countries. Since market rates reflect at best the relative prices of tradable goods, the volume of goods and services that a U.S. dollar buys in the United States may not correspond to what a U.S. dollar converted to another country's currency at the official exchange rate would buy in that country, particularly when nontradable goods and services account for a significant share of a country's output. An alternative exchange rate - the purchasing power parity (PPP) conversion factor - is preferred because it reflects differences in price levels for both tradable and nontradable goods and services and therefore provides a more meaningful comparison of real output.",https://datacatalog.worldbank.org/public-licenses#cc-by
FP.CPI.TOTL.ZG,CC BY-4.0,"Inflation, consumer prices (annual %)","Inflation as measured by the consumer price index reflects the annual percentage change in the cost to the average consumer of acquiring a basket of goods and services that may be fixed or changed at specified intervals, such as yearly. The Laspeyres formula is generally used.","International Monetary Fund, International Financial Statistics and data files.",Financial Sector: Exchange rates & prices,Annual,,Median,,,,https://datacatalog.worldbank.org/public-licenses#cc-by
